BRAND,PRODUCT SKU,PRODUCT NAME,Shop Name,PRODUCT LINK,Note,BUNDLE LINK,Comment,Price,Price_Bundle
Unimig,KUMJRRW180CA,DISCONTINUED?,HAMPDON EBAY,,,,,,
KUM390S/D,U11119,EVOLVE MULTI 400,METRO WELDER SERVICE,,,,,,
KUM390S/D,U11119,EVOLVE MULTI 400,WELDCONNECT,,,,,,
KUM390S/D,U11119,EVOLVE MULTI 400,GENTRONICS,,,,,,
KUM390S/D,U11119,EVOLVE MULTI 400,BILBA EBAY,,,,,,
KUM390S/D,U11119,EVOLVE MULTI 400,NATIONAL WELDING EBAY,,,,,,
KUM390S/D,U11119,EVOLVE MULTI 400,WA INDUSTRIAL SUPPLIES EBAY,https://www.ebay.com.au/itm/186894851044?_skw=Evolve+Multi+400&itmmeta=01JJ6PFFP0MZQSA0GPP9APZZWK&hash=item2b83cd1be4:g:Wb4AAOSwpSFnh2gg&itmprp=enc%3AAQAJAAAA8HoV3kP08IDx%2BKZ9MfhVJKn69wTRPwbWQrK1YZrLFkHFGfzK%2F0QEZUdbtPWGIgoJ9GNiqrrVpn6vY9nhL1eUWihBqARhBbRvrdiPVXBvcoG%2Bg51xVzqLZUyu%2BJEfwTJlwEX2%2BCupWNfpmsXTljZ%2BE5E5A456mMQpH5%2BtY9SG0r2p7clOemWq4%2FhGM2LnFoWpnqlRELZAsTqQp1p1Abs2%2FxYS%2BlREvRVqPBuF8Bo1hHtXb1Jr81OeIMdBEvrYHzjzgjWJALIJgfUZQ5upxiUcQinu6lML%2F9cAyB5ePtiu3fy6z3qfOQAm8RaFnCYXR2IA6A%3D%3D%7Ctkp%3ABk9SR5D7vdaRZQ, ,https://www.ebay.com.au/itm/186906038061?_skw=Evolve+Multi+400&itmmeta=01JJ6PFFP0Y8VDN5GPBR71DCNQ&hash=item2b8477cf2d:g:7rcAAOSw-21nj1KU&itmprp=enc%3AAQAJAAAA8HoV3kP08IDx%2BKZ9MfhVJKlSrHEcc77qFkyMFnhM0cwOvc3%2Fe1WXnspGR1SMMFfW%2BXW1yEnULBMxjaSUZQ2YRZpAwAviThqvKgEL3adeuQIBPqO0CACZaYNqFnru0b%2FUJ75Zvc3ybbgjrQ2yXFXaMrhn9hdsai4e4Mqz%2FxfTlUNrAiYB9mHjxVnv52JQ2NMwyMFXcL%2FVXVW1fVjvkCvIHhkgkWOJYqBTUIHqABeaC6T3iRa%2BxLCW3Bsp%2BsNsEzqnM%2FA4OV9W%2Bbt8wmtQ1%2BUITCMiuyHKXu6iSDA1CC7nd1vDKC45SAzp%2FkjYyNod4hqB3w%3D%3D%7Ctkp%3ABk9SR5D7vdaRZQ,(with wire feeder),"AU $9,499.00","AU $12,499.00"
KUM390S/D,U11119,EVOLVE MULTI 400,BILBA,,,,,,
KUM390S/D,U11119,EVOLVE MULTI 400,ELECTROWELD WEBSITE,,,,,,
KUM390S/D,U11119,EVOLVE MULTI 400,ELECTROWELD EBAY,https://www.ebay.com.au/itm/276821565411?_skw=Evolve+Multi+400&itmmeta=01JJ6PFFP0MHRDW21J4JBSYK9H&hash=item4073d9dfe3:g:nEsAAOSw9QtnjFtC:sc:AU_RegularParcelWithTrackingAndSignature!2190!AU!-1&itmprp=enc%3AAQAJAAAA8HoV3kP08IDx%2BKZ9MfhVJKmeT0nXErlyGhLf%2FppD06KQtclC41dD0jnRzrftPuQMNJfWkjzfUIeuAUpB9Uw8dS%2F8ZTplxoJT%2BuGezJrMfpWkuCvNkuAqTj4MtQYkJ7ErD%2F9Ku1IrTCjQLRSvOsmbelHrC3y82LNUqFg0embSZreBxJu9xAp00G8vUbfYh3GsbMnOizexNuOJoSCTiuOzYyVsoZnNxvLVPZOEHMskoIemdUY9Y21DnA%2F1GEc51%2BQd39H0K7WI8Fa3LsBEeEFMEXNOhMHkCA7pXN0x4xEFOCx7sPIb%2BUKE%2F5m3m3IfWamicw%3D%3D%7Ctkp%3ABk9SR5D7vdaRZQ,,,,"AU $9,499.00",
KUM390S/D,U11119,EVOLVE MULTI 400,WELD.COM.AU,,,,,,
KUM390S/D,U11119,EVOLVE MULTI 400,HAMPDON EBAY,,,,,,
Unimig,U13005,NEW RAZOR ARC 180,METRO WELDER SERVICE,https://metweld.com.au/razor-arc-180-welder/,,,,575.00,
Unimig,U13005,NEW RAZOR ARC 180,ELECTROWELD WEBSITE,https://www.electroweld.com.au/product/unimig-razor-arc-180-welder-tig-stick-mma-15a-plug-invertor-dc-razorweld-u13005/,,,,549.00,
Unimig,U13005,NEW RAZOR ARC 180,GENTRONICS,,,,,,
Unimig,U13005,NEW RAZOR ARC 180,BILBA EBAY,,,,,,
Unimig,U13005,NEW RAZOR ARC 180,WELDCONNECT,https://www.weldconnect.com.au/razor-arc-180-stick-welder,,,,553.64,
Unimig,U13005,NEW RAZOR ARC 180,HAMPDON EBAY,,,,,,
Unimig,U13005,NEW RAZOR ARC 180,WELD.COM.AU,https://www.weld.com.au/product/unimig-razor-arc-180-welder/,,,,575.00,
Unimig,U13005,NEW RAZOR ARC 180,NATIONAL WELDING EBAY,https://www.ebay.com.au/itm/235810004578?_skw=razor+arc+180&itmmeta=01JBVBXRDT11BJ5HB1FC2SQZ3W&hash=item36e75f1e62:g:sQsAAOSwPFZnIrUZ:sc:AU_FastwayCouriers!2190!AU!-1,,,,AU $575.00,
Unimig,U13005,NEW RAZOR ARC 180,BILBA,https://bilba.com.au/products/unimig-razorweld-arc-180-dc-welding-machine?srsltid=AfmBOopZD0RjGlhO_eSHqFdqG3lwL8GXFScs7llwJG4ObQFbgp6Ng7M-,,,,609.00,
Unimig,U13005,NEW RAZOR ARC 180,ELECTROWELD EBAY,https://www.ebay.com.au/itm/285530440261?_skw=razor+arc+180&itmmeta=01JBDT3AWNXZNGJ97JHZG7SN4W&hash=item427af0c245:g:faIAAOSwIEFmMrJM,,,,AU $534.95,
Unimig,U13005,NEW RAZOR ARC 180,WA INDUSTRIAL SUPPLIES EBAY,https://www.ebay.com.au/itm/186605242356?_skw=New+Razor+arc+180&itmmeta=01JBDT44KTEJFDAJNRQDPKXQRV&hash=item2b728a07f4:g:ngQAAOSwVKJmqxF0&itmprp=enc%3AAQAJAAAA0HoV3kP08IDx%2BKZ9MfhVJKnA2EoyZQolSK8RS3Y8Lj%2FqT0JJsU1lALXnGtWamt6gGIt90rs3%2F1LQPta1fDE4zHhRI4HyLtlfrQm%2F8XfGA4yLTZ7dnY75Pd8s4n0%2FMgOWzuSElJ7y4P%2Bmd5%2FKF%2B23H8Ry4V7WrjwjeenxjrBqU%2Fvw4jeYDTQgv6rSiYjOv9TCzRqQPLLb6GLg2ON2862dp3N%2F75k%2BeWhPC44TIaczfecj4aPZOCNHlVWR%2BxXgZ%2BvUWi7XuBpk6sWb5feuZ13jWh8%3D%7Ctkp%3ABk9SR_7JkLrbZA,,,,AU $575.00,
Unimig,KUMJRRW180CA,NOT ANALYSED SUBSEQUENTLY,WELD.COM.AU,,,,,,
Unimig,KUMJRRW180CA,NOT ANALYSED SUBSEQUENTLY,GENTRONICS,,,,,,
Unimig,KUMJRRW180CA,NOT ANALYSED SUBSEQUENTLY,ELECTROWELD EBAY,https://www.ebay.com.au/itm/274390231185?_nkw=razor+arc+180&epid=14034411496&itmmeta=01J7HPAN0KDC6WN7T65Y64CQMQ&hash=item3fe2eea891:g:854AAOSw9SplNO-d:sc:AU_RegularParcelWithTrackingAndSignature!2190!AU!-1,,,,AU $445.00,
Unimig,KUMJRRW180CA,NOT ANALYSED SUBSEQUENTLY,WELDCONNECT, ,,,,,
Unimig,KUMJRRW180CA,NOT ANALYSED SUBSEQUENTLY,ELECTROWELD WEBSITE,https://www.electroweld.com.au/product/unimig-razor-arc-180-amp-mma-tig-welder-kumjrrw180ca/,,,,,
Unimig,KUMJRRW180CA,NOT ANALYSED SUBSEQUENTLY,METRO WELDER SERVICE,,,,,,
Unimig,KUMJRRW180CA,NOT ANALYSED SUBSEQUENTLY,WA INDUSTRIAL SUPPLIES EBAY,,,,,,
Unimig,KUMJRRW180CA,NOT ANALYSED SUBSEQUENTLY,NATIONAL WELDING EBAY,,,,,,
Unimig,KUMJRRW180CA,NOT ANALYSED SUBSEQUENTLY,BILBA EBAY,,,,,,
Unimig,KUMJRRW180CA,NOT ANALYSED SUBSEQUENTLY,BILBA,,,,,,
Unimig,U11003K,RAZOR 200 PULSE,GENTRONICS,https://www.googleadservices.com/pagead/aclk?sa=L&ai=DChcSEwjdxPzRmYaLAxU3wjwCHTM3DYMYABAFGgJzZg&ae=2&aspm=1&co=1&ase=5&gclid=Cj0KCQiAhbi8BhDIARIsAJLOlud8BVx8nCBt49vmhJqpV5jmBr42K6vAo_WzOehHz3IMyEyED7lz8egaAroeEALw_wcB&ohost=www.google.com&cid=CAESVeD2qYoMS77juXSPJl7NQokGs30HWW3P4aHOd6M1qnhAOOQb6qpBML6ohrFPNI30_KDeapntRsvGwzbQz310tdob2HuPYgu9inIPMRFFZZv7ufXydBY&sig=AOD64_0PPdxGGi1c_NGqbIOBeOfQh6YC2w&ctype=5&q=&ved=2ahUKEwilkvfRmYaLAxXIwTgGHVZ1GJUQ9aACKAB6BAgGEB8&adurl=,,,,,
Unimig,U11003K,RAZOR 200 PULSE,METRO WELDER SERVICE,https://metweld.com.au/razor-200-pulse-mig-tig-stick-welder/,,,,"2,699.00",
Unimig,U11003K,RAZOR 200 PULSE,WELDCONNECT,https://www.weldconnect.com.au/razor-200-pulse-mig-tig-stick-welder,,,,2453.46,
Unimig,U11003K,RAZOR 200 PULSE,ELECTROWELD EBAY,https://www.ebay.com.au/itm/276434565216?epid=24066871115&itmmeta=01J3RTX0THB66SN9SKM11FWB6Z&hash=item405cc8b860:g:m7QAAOSwgz9mJWXB:sc:AU_Regular!2190!AU!-1,,,,"AU $2,699.00",
Unimig,U11003K,RAZOR 200 PULSE,BILBA EBAY,,,,,,
Unimig,U11003K,RAZOR 200 PULSE,BILBA,https://bilba.com.au/products/unimig-razor-200-pulse-mig-tig-stick-welder?srsltid=AfmBOoom7TqCtvwIef9AqTgTmd_biclFH0W85yaqbOErYyGtDDYJDDl0,,,,"2,699.00",
Unimig,U11003K,RAZOR 200 PULSE,ELECTROWELD WEBSITE,,https://www.electroweld.com.au/product/unimig-razor-200-pulse-mig-tig-stick-welder-helmet-consumables-pk11069-u11003k/?srsltid=AfmBOoocAi22mRxZhuOx4sAf7w1wkEIw0kZzXUe82f0aoUhulZAdJf7J,,,,
Unimig,U11004K,RAZOR 230,BILBA,https://bilba.com.au/products/unimig-razor-multi-230-ac-dc-mig-tig-stick-welder?srsltid=AfmBOoqP18tdE8BalJy-k9phgQX3oIoBigt7m2_2rFoxK93B0PDP74Mu,,,,"2,495.00",
Unimig,U11004K,RAZOR 230,ELECTROWELD EBAY,https://www.ebay.com.au/itm/275498148871?epid=20062367177&itmmeta=01J3RVCSK0YZN90FHFNW4YWSSR&hash=item4024f82407:g:A4UAAOSwBj5mcOVk:sc:AU_Regular!2190!AU!-1,,,,"AU $2,394.00",
Unimig,U11004K,RAZOR 230,WA INDUSTRIAL SUPPLIES EBAY,https://www.ebay.com.au/itm/186207470704?epid=20062367177&itmmeta=01J3RVMNEAEXWHN4N1ZHBWK0KT&hash=item2b5ad48470:g:uiMAAOSw43tleS-Q&itmprp=enc%3AAQAJAAAAwKqtI275zGKQ8UulsW3KXXvM6qfEbbJ5WOjeV6ccH7Y3lRlG2GtgjbnLb1ZvrqsXW%2BSrrSX9vmGMgekpeQY1PKANg%2FslZFWafpUsPKvQlIma5b9h9baPUpNmLo%2FYJgzam115WrTwb0%2FZwuraIdi9kkuw4WXJje%2BaQMPzyhHesfKTjMRB6hKPc03UvOigpWhH1sF3woQf51EpIU%2B8gRMlL%2BR05kIwf4UrP%2FIjG8yVaPvkpH8iYh0jz8wucpHHvtumlg%3D%3D%7Ctkp%3ABk9SR5zX0pueZA,,,,"AU $2,395.00 each",
Unimig,U11004K,RAZOR 230,WELDCONNECT,https://www.weldconnect.com.au/unimig-razor-multi-230-ac-dc-mig-tig-stick-welder,,,,2264.37,
Unimig,U11004K,RAZOR 230,ELECTROWELD WEBSITE,https://www.electroweld.com.au/product/unimig-razor-multi-230-acdc-mig-tig-stick-welder-smart-set-230acdc-ac-dc-u11004k/,,,,"2,395.00",
Unimig,U11004K,RAZOR 230,METRO WELDER SERVICE,https://metweld.com.au/razor-multi-230-ac-dc-mig-tig-stick-welder/,,,,"2,495.00",
Unimig,KUMJR250SWF,RAZOR 250 SWF,NATIONAL WELDING EBAY,,,,,,
Unimig,KUMJR250SWF,RAZOR 250 SWF,HAMPDON EBAY,,,,,,
Unimig,KUMJR250SWF,RAZOR 250 SWF,ELECTROWELD EBAY,https://www.ebay.com.au/itm/276615043068?_skw=razor+250+swf&epid=18026511526&itmmeta=01JJ46JB53BF7STGF9K4SYCQ2H&hash=item40678a97fc:g:SucAAOSwOHBmzqWC:sc:AU_RegularParcelWithTrackingAndSignature!2190!AU!-1,,,,"AU $4,600.00",
Unimig,KUMJR250SWF,RAZOR 250 SWF,WA INDUSTRIAL SUPPLIES EBAY,https://www.ebay.com.au/itm/186209096567?epid=18026511526&itmmeta=01J40XJJZAVEH9SG7B86DF5M7Y&hash=item2b5aed5377:g:H4UAAOSwAx5leq4Q,,,,"AU $4,600.00",
Unimig,KUMJR250SWF,RAZOR 250 SWF,BILBA EBAY,,,,,,
Unimig,KUMJR250SWF,RAZOR 250 SWF,ELECTROWELD WEBSITE,https://www.electroweld.com.au/product/unimig-razorweld-250-swf-mig-tig-mma-welder-kumjr250swf/,,,,"3,995.00",
Unimig,KUMJR250SWF,RAZOR 250 SWF,GENTRONICS,https://www.gentronics.com.au/product/uw250swf/,,,,4599.99,
Unimig,KUMJR250SWF,RAZOR 250 SWF,WELD.COM.AU (ARC-I),https://www.weld.com.au/product/unimig-razor-250-swf/?v=6502139931c4,,,,"4,400.00",
Unimig,KUMJR250SWF,RAZOR 250 SWF,BILBA,https://bilba.com.au/products/unimig-250swf-inverter?srsltid=AfmBOop8t7oiqvAoXuwM0G20DY4pzPkrNZslyMlmYra61v5Na63D3RUG,,,,,
Unimig,KUMJR250SWF,RAZOR 250 SWF,METRO WELDER SERVICE,,,,,,
Unimig,KUMJR250SWF,RAZOR 250 SWF,WELDCONNECT,,,,,,
Unimig,KUMJRRW320ACDC,RAZOR 320 ACDC,GENTRONICS,https://www.gentronics.com.au/product/uw320acdc/?srsltid=AfmBOorAfbeHOEVApvObP4weQuPXvscDbIZg3FH2LBROu5KV9G8a-2zy,,,,3914.90,
Unimig,KUMJRRW320ACDC,RAZOR 320 ACDC,METRO WELDER SERVICE,,,,,,
Unimig,KUMJRRW320ACDC,RAZOR 320 ACDC,BILBA,https://bilba.com.au/products/unimig-razorweld-320-ac-dc-tig-welder?srsltid=AfmBOopjLNPYMHXcJxHzVMW5Uj7D61R3wCKI1HTpoXk_ekSfFau7AssX,,,,"4,075.00",
Unimig,KUMJRRW320ACDC,RAZOR 320 ACDC,WELD.COM.AU,,,,,,
Unimig,KUMJRRW320ACDC,RAZOR 320 ACDC,ELECTROWELD EBAY,,,,,,
Unimig,KUMJRRW320ACDC,RAZOR 320 ACDC,WA INDUSTRIAL SUPPLIES EBAY,https://www.ebay.com.au/itm/186211445155?_nkw=Razor+320+ACDC&epid=17044853633&itmmeta=01J69S46R8KAS4AACM7T03TBZH&hash=item2b5b1129a3:g:A4cAAOSwYNhlgOPd&itmprp=enc%3AAQAJAAAA0HoV3kP08IDx%2BKZ9MfhVJKmQaERmHnBE13%2Fg4%2B4K44zoPIhFnA5ZkutzxZ77%2BDlly7zKgRqTrT%2F0VDhR1vhjfE9jQNt84Th8tdxmD2L43C8XoBztAjW9KQxeNIb%2BEJu%2FdEb74aBpiS4Q0jxIQZ9GSBa4Bjh1BhgFH7MY5yWT5sqIAZ8LHMrKvL8wLapJqfwQFxuYCAeLbjfU4H003SFN0l%2FUs5k%2Bey0owzrFg4Pg6ywj2D8Zmxleg4WGEu6Ep8BX0e4UPanUhat3%2BJ4ZyiMFPBw%3D%7Ctkp%3ABk9SR5rskLmyZA ,,,,"AU $3,915.00",
Unimig,KUMJRRW320ACDC,RAZOR 320 ACDC,NATIONAL WELDING EBAY,https://www.ebay.com.au/itm/235527709388?_nkw=razor+320+acdc&itmmeta=01J69S2YAFZTR7XM0MRB7JWMTH&hash=item36d68ba2cc:g:nLIAAOSwWlxmIczr:sc:AU_FastwayCouriers!2190!AU!-1,,,,"AU $3,795.00",
Unimig,KUMJRRW320ACDC,RAZOR 320 ACDC,BILBA EBAY,https://www.ebay.com.au/itm/304656591122?_nkw=razor+320+acdc&epid=17044853633&itmmeta=01J69S36N6SXR5YNR0X0481P25&hash=item46eef2a912:g:hhAAAOSwPfBeFpDp,,,,"AU $3,915.00",
Unimig,KUMJRRW320ACDC,RAZOR 320 ACDC,WELDCONNECT,https://www.weldconnect.com.au/razor-320-ac-dc-tig-welder,,,,3701.46,
Unimig,KUMJRRW320ACDC,RAZOR 320 ACDC,ELECTROWELD WEBSITE,https://www.electroweld.com.au/product/unimig-razor-320-ac-dc-hf-tig-welder-kumjrrw320acdc/,,,,"3,465.00",
Unimig,KUMJRRW320ACDC,RAZOR 320 ACDC,HAMPDON EBAY,,,,,,
Unimig,KUMJR350SWF,RAZOR 350 SWF,METRO WELDER SERVICE,https://metweld.com.au/razor-350-swf-mig-tig-stick-welder/,,,,"5,089.00",
Unimig,KUMJR350SWF,RAZOR 350 SWF,WELDCONNECT,https://www.weldconnect.com.au/unimig-razorweld-350-swf-mig-tig-mma,,,,4623.28,
Unimig,KUMJR350SWF,RAZOR 350 SWF,WA INDUSTRIAL SUPPLIES EBAY,,,,,,
Unimig,KUMJR350SWF,RAZOR 350 SWF,GENTRONICS,https://www.gentronics.com.au/product/uw350swf/?srsltid=AfmBOoojrJQTMbqkSHlEOmN1IZTvKZbY3erLDvmR5AFkpKmq8-F_NtAP,,,,4889.87,
Unimig,KUMJR350SWF,RAZOR 350 SWF,BILBA,https://bilba.com.au/products/unimig-350swf-inverter?srsltid=AfmBOorK4ztP-xfzJdTB3kigRrl7_3EzIcvggaaw3mZOXytUtZhL8G69,,,,"5,089.00",
Unimig,KUMJR350SWF,RAZOR 350 SWF,WELD.COM.AU,https://www.weld.com.au/product/unimig-razor-350-swf/,,,,"4,890.00",
Unimig,KUMJR350SWF,RAZOR 350 SWF,BILBA EBAY,,,,,,
Unimig,KUMJR350SWF,RAZOR 350 SWF,NATIONAL WELDING EBAY,,,,,,
Unimig,KUMJR350SWF,RAZOR 350 SWF,ELECTROWELD WEBSITE,https://www.electroweld.com.au/product/unimig-razor-350-swf-mig-tig-mma-welder-kumjr350swf/,,,,"4,889.00",
Unimig,KUMJR350SWF,RAZOR 350 SWF,ELECTROWELD EBAY,https://www.ebay.com.au/itm/284274578180?itmmeta=01J40XQG9W478KD90MW86E30HD&hash=item423015d304:g:bJMAAOSwCdNkIXRD:sc:AU_RegularParcelWithTrackingAndSignature!2190!AU!-1,,,,"AU $4,890.00",
Unimig,KUMJR350SWF,RAZOR 350 SWF,HAMPDON EBAY,,,,,,
Unimig,KUMJRRW500SWF,RAZOR 500 SWF,METRO WELDER SERVICE,https://metweld.com.au/razor-500-swf-mig-tig-stick-welder/,,,,"5,825.00",
Unimig,KUMJRRW500SWF,RAZOR 500 SWF,GENTRONICS,https://www.gentronics.com.au/product/uw500swf/?srsltid=AfmBOooj4zQmsHO54cUX5flPQB196R3oU7EWt2o5_fMFnqVSa4ZKVcQG,,,,Price on application,
Unimig,KUMJRRW500SWF,RAZOR 500 SWF,BILBA,https://bilba.com.au/products/unimig-500swf-inverter?srsltid=AfmBOoqAdWe3O_0lYtDh1fhEXKIlx-mbgcowV0Ao27mwaiyiaG3Obs3o,,,,"5,825.00",
Unimig,KUMJRRW500SWF,RAZOR 500 SWF,WELD.COM.AU,https://www.weld.com.au/product/unimig-razor-500-swf/,,,,"5,600.00",
Unimig,KUMJRRW500SWF,RAZOR 500 SWF,ELECTROWELD WEBSITE,https://www.electroweld.com.au/product/unimig-razor-500-swf-mig-tig-welder-rwx8000-helmet-torch-regulator-pk11063/,,,,"5,249.00",
Unimig,KUMJRRW500SWF,RAZOR 500 SWF,ELECTROWELD EBAY,https://www.ebay.com.au/itm/284274577073?itmmeta=01J4GKQF3GG28X6FGARVQ6533G&hash=item423015ceb1%3Ag%3Avq4AAOSwczZkIXRn%3Asc%3AAU_RegularParcelWithTrackingAndSignature%212190%21AU%21-1&var=585769985138,,,,"AU $5,249.00",
Unimig,KUMJRRW500SWF,RAZOR 500 SWF,WELDCONNECT,https://www.weldconnect.com.au/unimig-500a-razor-swf-mig-tig-stick-welder,,,,5294.55,
Unimig,KUMJRRW500SWF,RAZOR 500 SWF,NATIONAL WELDING EBAY,,,,,,
Unimig,KUMJRRW500SWF,RAZOR 500 SWF,HAMPDON EBAY,,,,,,
Unimig,KUMJRRW500SWF,RAZOR 500 SWF,BILBA EBAY,,,,,,
Unimig,KUMJRRW500SWF,RAZOR 500 SWF,WA INDUSTRIAL SUPPLIES EBAY,,,,,,
Unimig,U13004,RAZOR ARC 140,METRO WELDER SERVICE,https://metweld.com.au/razor-arc-140-welder/,,,,519.00,
Unimig,U13004,RAZOR ARC 140,GENTRONICS,,,,,,
Unimig,U13004,RAZOR ARC 140,BILBA,,,,,,
Unimig,U13004,RAZOR ARC 140,NATIONAL WELDING EBAY,,,,,,
Unimig,U13004,RAZOR ARC 140,HAMPDON EBAY,,,,,,
Unimig,U13004,RAZOR ARC 140,ELECTROWELD WEBSITE,https://www.electroweld.com.au/product/unimig-razor-arc-140-welder-tig-stick-mma-10a-plug-invertor-dc-razorweld-u13004/,,,,495.00,
Unimig,U13004,RAZOR ARC 140,WA INDUSTRIAL SUPPLIES EBAY,https://www.ebay.com.au/itm/186605472153?_skw=New+Razor+arc+180&itmmeta=01JBDT44KTBNQVXRV9K57PPSGE&hash=item2b728d8999:g:vwIAAOSwQ3pmqzDJ&itmprp=enc%3AAQAJAAAA8HoV3kP08IDx%2BKZ9MfhVJKlSPaDpu%2FSQXwtDauww7%2BtWEH%2FrRbTZf%2FVmndRqrug7axAgnCIPKQPa7LPgkBIpzdmjdSsBBqQe%2FecnsH%2FxAEeD6JbiPfbocHYfjw9W0mtlumS008x6eHC0Iu8y%2F0hj3CEcxEbaJHGEnP9IgF5VEaA8abfuTCdUWXA6WEVALhHE53Tri8uTBFCr5b2WP%2FWObsadJaDfZUTCHv4Oq5Oo--HUuuvuprUPznW4af4lcNGbywH0BH91wRQwH%2BYldB65yLWkEL5iWg35yV%2Fje4oZI%2BuC%2Bb96arr%2FqZZfE0FWk44Lbg%3D%3D%7Ctkp%3ABk9SR4DKkLrbZA,,,,AU $519.00,
Unimig,U13004,RAZOR ARC 140,WELD.COM.AU,,,,,,
Unimig,U13004,RAZOR ARC 140,WELDCONNECT,https://www.weldconnect.com.au/razor-arc-140-stick-welder,,,,503.64,
Unimig,U13004,RAZOR ARC 140,ELECTROWELD EBAY,https://www.ebay.com.au/itm/285530440394?_skw=razor+arc+140&itmmeta=01JBBVSAFNE98EY5VCZSRM97CY&hash=item427af0c2ca:g:dFQAAOSwoRRmPZfR,,,,AU $495.00,
Unimig,U13004,RAZOR ARC 140,BILBA EBAY,,,,,,
Unimig,U13002K,RAZOR ARC 160 PFC,WELD.COM.AU,,,,,,
Unimig,U13002K,RAZOR ARC 160 PFC,ELECTROWELD WEBSITE,https://www.electroweld.com.au/product/unimig-razor-arc-160-pfc-tig-stick-mma-welder-dc-lift-vrd-15a-kumjrrw160ca/,,,,749.00,
Unimig,U13002K,RAZOR ARC 160 PFC,WELDCONNECT,https://www.weldconnect.com.au/razor-arc-160-pfc-welder,,,,753.64,
Unimig,U13002K,RAZOR ARC 160 PFC,BILBA,,,,,,
Unimig,U13002K,RAZOR ARC 160 PFC,GENTRONICS,https://www.gentronics.com.au/product/uwu13002k/?srsltid=AfmBOoq2pmwUH808konxZxsQJ5EKgUuiVn_JRqclzxple70wnk4FCMxW,,,,749.00,
Unimig,U13002K,RAZOR ARC 160 PFC,HAMPDON EBAY,,,,,,
Unimig,U13002K,RAZOR ARC 160 PFC,WA INDUSTRIAL SUPPLIES EBAY,https://www.ebay.com.au/itm/186211471884?_nkw=razor+arc+160+pfc&epid=22064492952&itmmeta=01J7HNTZX5G4PY4BNHJRR4V8DS&hash=item2b5b11920c:g:N~IAAOSwKnFlfRSa,,,,AU $749.00,
Unimig,U13002K,RAZOR ARC 160 PFC,BILBA EBAY,,,,,,
Unimig,U13002K,RAZOR ARC 160 PFC,NATIONAL WELDING EBAY,,,,,,
Unimig,U13002K,RAZOR ARC 160 PFC,ELECTROWELD EBAY,https://www.ebay.com.au/itm/275880316845?_nkw=razor+arc+160+pfc&epid=22064492952&itmmeta=01J7HNSSMCYW0KA885QC7EFECB&hash=item403bbf8fad:g:oQoAAOSwmZpmMraI:sc:AU_Regular!2190!AU!-1,,,,AU $749.00,
Unimig,U13002K,RAZOR ARC 160 PFC,METRO WELDER SERVICE,https://metweld.com.au/razor-arc-160-pfc-welder/,,,,779.00,
Unimig,U13003K,RAZOR ARC 200 PFC,NATIONAL WELDING EBAY,,,,,,
Unimig,U13003K,RAZOR ARC 200 PFC,WELD.COM.AU,,,,,,
Unimig,U13003K,RAZOR ARC 200 PFC,BILBA EBAY,,,,,,
Unimig,U13003K,RAZOR ARC 200 PFC,ELECTROWELD WEBSITE,https://www.electroweld.com.au/product/unimig-razor-arc-140-welder-tig-stick-mma-10a-plug-invertor-dc-razorweld-u13004/,,,,495.00,
Unimig,U13003K,RAZOR ARC 200 PFC,BILBA,,,,,,
Unimig,U13003K,RAZOR ARC 200 PFC,WELDCONNECT,https://www.weldconnect.com.au/razor-arc-200-pfc-welder,,,,853.64,
Unimig,U13003K,RAZOR ARC 200 PFC,WA INDUSTRIAL SUPPLIES EBAY,https://www.ebay.com.au/itm/186605472153?_skw=New+Razor+arc+180&itmmeta=01JBDT44KTBNQVXRV9K57PPSGE&hash=item2b728d8999:g:vwIAAOSwQ3pmqzDJ&itmprp=enc%3AAQAJAAAA8HoV3kP08IDx%2BKZ9MfhVJKlSPaDpu%2FSQXwtDauww7%2BtWEH%2FrRbTZf%2FVmndRqrug7axAgnCIPKQPa7LPgkBIpzdmjdSsBBqQe%2FecnsH%2FxAEeD6JbiPfbocHYfjw9W0mtlumS008x6eHC0Iu8y%2F0hj3CEcxEbaJHGEnP9IgF5VEaA8abfuTCdUWXA6WEVALhHE53Tri8uTBFCr5b2WP%2FWObsadJaDfZUTCHv4Oq5Oo--HUuuvuprUPznW4af4lcNGbywH0BH91wRQwH%2BYldB65yLWkEL5iWg35yV%2Fje4oZI%2BuC%2Bb96arr%2FqZZfE0FWk44Lbg%3D%3D%7Ctkp%3ABk9SR4DKkLrbZA,,,,AU $519.00,
Unimig,U13003K,RAZOR ARC 200 PFC,GENTRONICS,https://www.gentronics.com.au/product/uwu13003k/?srsltid=AfmBOoqFdAxnVfe5eQLLKaNztWm-9ArGRzNcktWAwEpjA23EipEHCWoy,,,,849.00,
Unimig,U13003K,RAZOR ARC 200 PFC,ELECTROWELD EBAY,https://www.ebay.com.au/itm/285310086062?_skw=razor+arc+200+pfc&epid=10064501458&itmmeta=01J7HP0FCWJ681Y96W7KK18R1H&hash=item426dce6bae:g:cw4AAOSwLGZmMrcq:sc:AU_Regular!2190!AU!-1,,,,AU $849.00,
Unimig,U13003K,RAZOR ARC 200 PFC,HAMPDON EBAY,,,,,,
Unimig,U13003K,RAZOR ARC 200 PFC,METRO WELDER SERVICE,https://metweld.com.au/razor-arc-200-pfc-welder/,,,,885.00,
Unimig,U11010K,RAZOR COMPACT 250,ELECTROWELD WEBSITE,https://www.electroweld.com.au/product/unimig-razor-compact-250-welder-3-in-1-multi-mig-tig-stick/,,,,"2,445.00",
Unimig,U11010K,RAZOR COMPACT 250,METRO WELDER SERVICE,https://metweld.com.au/razor-compact-250-welder/,,,,"2,599.00",
Unimig,U11010K,RAZOR COMPACT 250,WELDCONNECT,https://www.weldconnect.com.au/razor-compact-250-welder,,,,2503.64,
Unimig,U11010K,RAZOR COMPACT 250,BILBA EBAY,,,,,,
Unimig,U11010K,RAZOR COMPACT 250,NATIONAL WELDING EBAY,,,,,,
Unimig,U11010K,RAZOR COMPACT 250,WA INDUSTRIAL SUPPLIES EBAY,https://www.ebay.com.au/itm/186207456492?epid=8064438192&itmmeta=01J40X49WVX7NDRFE4ZCQ88NTN&hash=item2b5ad44cec:g:LYQAAOSwYNhleSy4&itmprp=enc%3AAQAJAAAAwNzYjl6e%2BxP4Kuh1uTZ4bLkg4r6FenlcmgEcLosvMSLAr36D8M84Km%2BcVN0mUYSL7o6ZDYj%2BlDy8gbBVl2XLN2q5lsGYyNvoz5oyHgiQh503mtZCc%2BO2O%2BGjC4DItK%2F17ddKlS8%2F951HDx7LErhUcNifvaRqKVISxvW%2Bhq5Qd%2FVPAYZry08xANxyxGf9zp4CNnJgPJ2zFcVfmv9ewrqtrE1shA9RiXvrDaCF9TJ7XUyJZeDA3ZWqSVA%2BE0GroidnNw%3D%3D%7Ctkp%3ABk9SR8CekZ2gZA,,,,"AU $2,456.00 each",
Unimig,U11010K,RAZOR COMPACT 250,HAMPDON EBAY,,,,,,
Unimig,U11010K,RAZOR COMPACT 250,GENTRONICS,https://www.gentronics.com.au/product/uwu11010k/?srsltid=AfmBOopMq-Zyrjil5pP3nFhQsaAbR9i0bhi8CLt--mqSy_Hf0FGFmrzX,,,,2499,
Unimig,U11010K,RAZOR COMPACT 250,BILBA,https://bilba.com.au/products/unimig-250-k?srsltid=AfmBOooCR4bCZCCwXW4a3r23dcPSSan01zocrn_MzKdy4uySkQyipBVD,,,,"2,754.00",
Unimig,U11010K,RAZOR COMPACT 250,WELD.COM.AU,https://www.weld.com.au/product/unimig-razor-compact-250-welder/?v=6502139931c4,,,,"2,599.00",
Unimig,U11010K,RAZOR COMPACT 250,ELECTROWELD EBAY,https://www.ebay.com.au/itm/285342152902?epid=8064438192&itmmeta=01J40X4BZ7216PAXV02AZEA1TP&hash=item426fb7b8c6:g:dLIAAOSwHdVkkqVc:sc:AU_RegularParcelWithTrackingAndSignature!2190!AU!-1,,,,"AU $2,445.00",
Unimig,KUMJR350K-SG,RAZOR COMPACT 350 (OLD),GENTRONICS,https://www.gentronics.com.au/product/uw350k/?srsltid=AfmBOopd5FtxiU0_PTMjlxDcVYHayU5ibfGevcAY1ffXXtyZLcgdBeLJ,,,,3309.92,
Unimig,KUMJR350K-SG,RAZOR COMPACT 350 (OLD),BILBA,https://bilba.com.au/products/unimig-350-mig-mma-tig-inverter?srsltid=AfmBOorbQypB2aClxvToeYfiCqvl_EgLHk2uC9L_a-h8SY-rZQhYopzV,,,,"3,445.00",
Unimig,KUMJR350K-SG,RAZOR COMPACT 350 (OLD),METRO WELDER SERVICE,,,,,,
Unimig,KUMJR350K-SG,RAZOR COMPACT 350 (OLD),WELDCONNECT,https://www.weldconnect.com.au/unimig-350-mig-tig-mma-compact,,,,3129.46,
Unimig,KUMJR350K-SG,RAZOR COMPACT 350 (OLD),BILBA EBAY,,,,,,
Unimig,KUMJR350K-SG,RAZOR COMPACT 350 (OLD),NATIONAL WELDING EBAY,,,,,,
Unimig,KUMJR350K-SG,RAZOR COMPACT 350 (OLD),ELECTROWELD EBAY,https://www.ebay.com.au/itm/274752017678?itmmeta=01J40XA9VHST5YA00TB3EEF997&hash=item3ff87f150e:g:ZF4AAOSwNZVkIXWu:sc:AU_RegularParcelWithTrackingAndSignature!2190!AU!-1 ,,,,"AU $2,949.95",
Unimig,KUMJR350K-SG,RAZOR COMPACT 350 (OLD),WELD.COM.AU,https://www.weld.com.au/product/unimig-razor-350-compact/,,,,"3,445.00",
Unimig,KUMJR350K-SG,RAZOR COMPACT 350 (OLD),HAMPDON EBAY,,,,,,
Unimig,KUMJR350K-SG,RAZOR COMPACT 350 (OLD),ELECTROWELD WEBSITE,https://www.electroweld.com.au/product/unimig-razor-350-mig-tig-mma-compact-welder-kumjr350k-sg/,,,,"2,949.95",
Unimig,KUMJR350K-SG,RAZOR COMPACT 350 (OLD),WA INDUSTRIAL SUPPLIES EBAY,,,,,,
Unimig,U14004K,RAZOR CUT 120,WELD.COM.AU,,,,,,
Unimig,U14004K,RAZOR CUT 120,METRO WELDER SERVICE,https://metweld.com.au/razor-cut-120-plasma-cutter/,,,,"4,209.00",
Unimig,U14004K,RAZOR CUT 120,ELECTROWELD WEBSITE,https://www.electroweld.com.au/product/unimig-razor-cut-120-plasma-cutter-inverter-sc120-torch-razorcut-u14002k/,,,,"4,045.00",
Unimig,U14004K,RAZOR CUT 120,BILBA,,,,,,
Unimig,U14004K,RAZOR CUT 120,GENTRONICS,,,,,,
Unimig,U14004K,RAZOR CUT 120,ELECTROWELD EBAY,https://www.ebay.com.au/itm/284800033116?_skw=razor+cut+120&itmmeta=01JBBW390B4BNRE8AP0P4X5909&hash=item424f67a15c:g:-okAAOSwyolkIVp1,,,,"AU $3,699.95",
Unimig,U14004K,RAZOR CUT 120,NATIONAL WELDING EBAY,,,,,,
Unimig,U14004K,RAZOR CUT 120,BILBA EBAY,,,,,,
Unimig,U14004K,RAZOR CUT 120,WA INDUSTRIAL SUPPLIES EBAY,,,,,,
Unimig,U14004K,RAZOR CUT 120,HAMPDON EBAY,,,,,,
Unimig,U14004K,RAZOR CUT 120,WELDCONNECT,https://www.weldconnect.com.au/unimig-razor-cut-120-plasma-cutter,,,,4045,
Unimig,U14004K,RAZOR CUT 160,BILBA EBAY,,,,,,
Unimig,U14004K,RAZOR CUT 160,BILBA,,,,,,
Unimig,U14004K,RAZOR CUT 160,HAMPDON EBAY,,,,,,
Unimig,U14004K,RAZOR CUT 160,NATIONAL WELDING EBAY,,,,,,
Unimig,U14004K,RAZOR CUT 160,WA INDUSTRIAL SUPPLIES EBAY,,,,,,
Unimig,U14004K,RAZOR CUT 160,ELECTROWELD WEBSITE,,,,,,
Unimig,U14004K,RAZOR CUT 160,ELECTROWELD EBAY,,,,,,
Unimig,U14004K,RAZOR CUT 160,GENTRONICS,,,,,,
Unimig,U14004K,RAZOR CUT 160,WELDCONNECT,,,,,,
Unimig,U14004K,RAZOR CUT 160,METRO WELDER SERVICE,,,,,,
Unimig,U14004K,RAZOR CUT 160,WELD.COM.AU,,,,,,
Unimig,U14001K,RAZOR CUT 40,WELD.COM.AU,,,,,,
Unimig,U14001K,RAZOR CUT 40,NATIONAL WELDING EBAY,,,,,,
Unimig,U14001K,RAZOR CUT 40,ELECTROWELD WEBSITE,https://www.electroweld.com.au/product/unimig-razor-cut-40-plasma-cutter-sc80-torch-clamp-razorcut-welding-u14001k/,,,,"2,009.00",
Unimig,U14001K,RAZOR CUT 40,ELECTROWELD EBAY,https://www.ebay.com.au/itm/284715290474?_skw=razor+cut+40&epid=20057468568&itmmeta=01JBBVWJ2EV7DYC97ZG1J3NPVW&hash=item424a5a8f6a:g:6doAAOSwhsBmcNzi,,,,"AU $2,009.00",
Unimig,U14001K,RAZOR CUT 40,BILBA EBAY,,,,,,
Unimig,U14001K,RAZOR CUT 40,WA INDUSTRIAL SUPPLIES EBAY,,,,,,
Unimig,U14001K,RAZOR CUT 40,HAMPDON EBAY,,,,,,
Unimig,U14001K,RAZOR CUT 40,METRO WELDER SERVICE,,,,,,
Unimig,U14001K,RAZOR CUT 40,BILBA,https://bilba.com.au/products/unimig-razorcut-40-air-plasma-cutter?srsltid=AfmBOopBE1_jXNQ64eASp2OFMGwLgZgeMZWGGjvRfTFROfXBFCZ7Zf6z,,,,"2,129.00",
Unimig,U14001K,RAZOR CUT 40,WELDCONNECT,https://www.weldconnect.com.au/razor-cut-40-air-plasma-cutter,,,,1935.46,
Unimig,U14001K,RAZOR CUT 40,GENTRONICS,https://www.gentronics.com.au/product/uwu14001k/?srsltid=AfmBOop__UFCoME3xJmJkNAUCtnxNx5cSE3XChywP9ssr3urvERPPohQ,,,,2006.32,
Unimig,U14006K,RAZOR CUT 45,BILBA,https://bilba.com.au/products/unimig-razorcut-45-plasma-cutter?srsltid=AfmBOoq1TniLJpInahUWRBDzMY70HTHuSrBKs_HVzR_X0klXfb4VLCRU,,,,"1,819.00",
Unimig,U14006K,RAZOR CUT 45,BILBA EBAY,,,,,,
Unimig,U14006K,RAZOR CUT 45,NATIONAL WELDING EBAY,,,,,,
Unimig,U14006K,RAZOR CUT 45,WA INDUSTRIAL SUPPLIES EBAY,https://www.ebay.com.au/itm/186320186051?_skw=razor+cut+40&epid=22065754288&itmmeta=01JBDT9T930SR7DQDDS6WGPVV7&hash=item2b618c6ac3:g:MDUAAOSwr3ll38z4,,,,"AU $1,645.00",
Unimig,U14006K,RAZOR CUT 45,WELD.COM.AU,https://www.weld.com.au/product/unimig-razorcut-45-plasma-cutter-new-model/?v=6502139931c4,,,,"1,649.00",
Unimig,U14006K,RAZOR CUT 45,HAMPDON EBAY,,,,,,
Unimig,U14006K,RAZOR CUT 45,GENTRONICS,https://www.gentronics.com.au/product/uwu14006k/?srsltid=AfmBOorhLS8U6tZQYcW0TBZIZHqXi0jkQ9W5WfJdK2kQmMWGjjBsWGcb,,,,1649.00,
Unimig,U14006K,RAZOR CUT 45,ELECTROWELD WEBSITE,https://www.electroweld.com.au/product/unimig-razor-cut-45-plasma-cutter-inverter-sc80-torch-razorcut-cutting-u14006k/,,,,"1,648.95",
Unimig,U14006K,RAZOR CUT 45,WELDCONNECT,https://www.weldconnect.com.au/razor-cut-45-plasma-cutter,,,,1653.64,
Unimig,U14006K,RAZOR CUT 45,METRO WELDER SERVICE,https://metweld.com.au/razor-cut-45-plasma-cutter/,,,,"1,715.00",
Unimig,U14006K,RAZOR CUT 45,ELECTROWELD EBAY,https://www.ebay.com.au/itm/285518173900?_skw=razor+cut+45&epid=22065754288&itmmeta=01JBBVXV5DNP60X0VHPREZA6JW&hash=item427a3596cc:g:S~sAAOSwrYxlQhdq,,,,"AU $1,526.95",
Unimig,U14007,RAZOR CUT 45 PLASMA CUTTER AIR COMPRESSOR,ELECTROWELD EBAY,https://www.ebay.com.au/itm/285531822503?_skw=razor+cut+45+plasma+cutter+air+compressor&itmmeta=01JBBW11DFZVXX42CKR4RE9TR0&hash=item427b05d9a7:g:SI4AAOSwGcllQhRG,,,,AU $345.00,
Unimig,U14007,RAZOR CUT 45 PLASMA CUTTER AIR COMPRESSOR,ELECTROWELD WEBSITE,https://www.electroweld.com.au/product/unimig-razor-cut-45-plasma-cutter-air-compressor-cnc-cutting-u14006k-u14007/,,,,350.00,
Unimig,U14007,RAZOR CUT 45 PLASMA CUTTER AIR COMPRESSOR,WA INDUSTRIAL SUPPLIES EBAY,,,,,,
Unimig,U14007,RAZOR CUT 45 PLASMA CUTTER AIR COMPRESSOR,HAMPDON EBAY,,,,,,
Unimig,U14007,RAZOR CUT 45 PLASMA CUTTER AIR COMPRESSOR,NATIONAL WELDING EBAY,,,,,,
Unimig,U14007,RAZOR CUT 45 PLASMA CUTTER AIR COMPRESSOR,BILBA EBAY,,,,,,
Unimig,U14007,RAZOR CUT 45 PLASMA CUTTER AIR COMPRESSOR,BILBA,,,,,,
Unimig,U14007,RAZOR CUT 45 PLASMA CUTTER AIR COMPRESSOR,GENTRONICS,,,,,,
Unimig,U14007,RAZOR CUT 45 PLASMA CUTTER AIR COMPRESSOR,METRO WELDER SERVICE,https://metweld.com.au/razor-cut-45-plasma-cutter-air-compressor/,,,,365.00,
Unimig,U14007,RAZOR CUT 45 PLASMA CUTTER AIR COMPRESSOR,WELDCONNECT,https://www.weldconnect.com.au/razor-cut-45-plasma-cutter-air-compressor,,,,389,
Unimig,U14007,RAZOR CUT 45 PLASMA CUTTER AIR COMPRESSOR,WELD.COM.AU,https://www.weld.com.au/product/unimig-razorcut-45-plasma-cutter-air-compressor/,,,,350.00,
Unimig,KUPJRRW80,RAZOR CUT 80,METRO WELDER SERVICE,https://metweld.com.au/razor-cut-80-plasma-cutter/,,,,"2,305.00",
Unimig,KUPJRRW80,RAZOR CUT 80,WELDCONNECT,https://www.weldconnect.com.au/unimig-razorcut-80,,,,2094.19,
Unimig,KUPJRRW80,RAZOR CUT 80,WELD.COM.AU,https://www.weld.com.au/product/unimig-razorcut-80-plasma-cutter/,,,,"2,215.00",
Unimig,KUPJRRW80,RAZOR CUT 80,HAMPDON EBAY,,,,,,
Unimig,KUPJRRW80,RAZOR CUT 80,ELECTROWELD EBAY,https://www.ebay.com.au/itm/274430112263?_skw=razor+cut+80&itmmeta=01JBBW21550EEVHPSRJYM7RZ00&hash=item3fe54f3207:g:koAAAOSwItxkIY5T,,,,"AU $2,049.95",
Unimig,KUPJRRW80,RAZOR CUT 80,BILBA,https://bilba.com.au/products/unimig-razorcut-80-plasma-cutter?srsltid=AfmBOooPwm6rxOrar_cEennNhNSf20zFMFos7SEXibUZoDoyeHM0LOqe,,,,"2,305.00",
Unimig,KUPJRRW80,RAZOR CUT 80,BILBA EBAY,,,,,,
Unimig,KUPJRRW80,RAZOR CUT 80,NATIONAL WELDING EBAY,,,,,,
Unimig,KUPJRRW80,RAZOR CUT 80,WA INDUSTRIAL SUPPLIES EBAY,,,,,,
Unimig,KUPJRRW80,RAZOR CUT 80,GENTRONICS,https://www.machineryhouse.com.au/c429,,,,,
Unimig,KUPJRRW80,RAZOR CUT 80,ELECTROWELD WEBSITE,,,,,,
Unimig,U11007K,RAZOR MULTI 175,BILBA,https://bilba.com.au/products/unimig-razor-multi-175-welder?srsltid=AfmBOoqrcyItnYkdHvmmHMrp6Z7N-pFgOuiv_wJhyPmV19CKmUt5LIBi,,,,"1,439.00",
Unimig,U11007K,RAZOR MULTI 175,WELD.COM.AU,https://www.weld.com.au/product/unimig-razor-multi-175/?v=6502139931c4,,,,"1,669.00",
Unimig,U11007K,RAZOR MULTI 175,WA INDUSTRIAL SUPPLIES EBAY,https://www.ebay.com.au/itm/186209073838?epid=26061680352&itmmeta=01J3S19269W5G0Y842ZJW903JM&hash=item2b5aecfaae:g:2l0AAOSwcDNleqb6&itmprp=enc%3AAQAJAAAAwLqTGHiBvaYQG%2F4kq13LxKv0lQuCo1Mfq0dImaGI8lbM0iF1QMC8dLtWYtLNDeF80Y%2B5F7igFf4sEWgWO6Y2Yu5WjoAgWosXxke2NH2v%2BXwDS5WdWDv6jshS%2FYrfwFOYxoLmGqo33LnlpDzYjwV6L3ZOOybyDRRjducKjZAQhhQRXSRL2rtVyOwp34owjdXWezNCJ8xcj--Nt10YCi42OBHR87kAoYA5NkIY%2BP0qnEFJWXYjFB%2By0Q1m1tlosZSucw%3D%3D%7Ctkp%3ABk9SR56jpKGeZA,,,,"AU $1,298.00",
Unimig,U11007K,RAZOR MULTI 175,ELECTROWELD EBAY,https://www.ebay.com.au/itm/285309362394?epid=26061680352&itmmeta=01J3S16F527FYW77RM6RS9MQQ1&hash=item426dc360da:g:dL4AAOSwjyVkdyar:sc:AU_Regular!2190!AU!-1,,,,"AU $1,295.00",
Unimig,U11007K,RAZOR MULTI 175,METRO WELDER SERVICE,https://metweld.com.au/razor-multi-175-welder/,,,,"1,355.00",
Unimig,U11007K,RAZOR MULTI 175,WELDCONNECT,https://www.weldconnect.com.au/razor-multi-175-welder,,,,1308.19,
Unimig,U11007K,RAZOR MULTI 175,ELECTROWELD WEBSITE,https://www.electroweld.com.au/product/unimig-razor-multi-175-mig-mma-stick-welder-sb25-torch-gas-gasless-u11007k/,,,,"1,299.00",
Unimig,U11012,RAZOR MULTI 200 PFC,ELECTROWELD WEBSITE,,,,,,
Unimig,U11012,RAZOR MULTI 200 PFC,GENTRONICS,https://www.gentronics.com.au/product/uwu11012/?srsltid=AfmBOorFgRLTImnISPq24sVxRgv_DpCKONaZUdyutAM_cNg9Bsq2bpPD , ,https://www.gentronics.com.au/product/uwu11012/?srsltid=AfmBOop4_eXsdxYozKyQyRq50e4QoqWuFzSz2weG9a0LzwujijyO_wqE ,,1851.52,1851.52
Unimig,U11012,RAZOR MULTI 200 PFC,WELDCONNECT,https://www.weldconnect.com.au/razor-arc-200-pfc-welder,,,,853.64,
Unimig,U11012,RAZOR MULTI 200 PFC,HAMPDON EBAY,,,,,,
Unimig,U11012,RAZOR MULTI 200 PFC,BILBA,,,,,,
Unimig,U11012,RAZOR MULTI 200 PFC,ELECTROWELD EBAY,https://www.ebay.com.au/itm/285839989048?itmmeta=01J40X1Z9AARBXCZK5GAKCQ1BS&hash=item428d641938:g:m3sAAOSwKc1mPDN6:sc:AU_RegularParcelWithTrackingAndSignature!2190!AU!-1&itmprp=enc%3AAQAJAAAA8FWmLH%2FKCbkWg2NO2n6Mv%2BZaGE9SmBKtZiCUgnsCbx%2FuhKA2XGt%2Fq3ph3xe7J7gtpCMoc%2BytoHo%2FEeXFXyNhdjF3KIjgHV4ywb%2Fkspokvk132jep%2BaY10FsCQHi0XWrQ7PqYcBBvpp42WsO5QbFDBt4duPldLvoj8ySM3isip3hy%2B7gQBi4VQXSv%2FE7uQVcSJr7TuA0nHBsErJhKLycy14slQ2UCUMiSTNDMs70kDB4cfMejSWSe2t4%2BQuMpW%2FxvkG6tE%2BbRrqoNPBIuBNNuWdoxrc0bd3C3mhPYUusg5he4VuzOJGvgLiqxhL0aIDMRbQ%3D%3D%7Ctkp%3ABk9SR-D0h52gZA ,,,,"AU $1,895.00",
Unimig,U11012,RAZOR MULTI 200 PFC,WA INDUSTRIAL SUPPLIES EBAY,,,,,,
Unimig,U11012,RAZOR MULTI 200 PFC,NATIONAL WELDING EBAY,,,,,,
Unimig,U11012,RAZOR MULTI 200 PFC,BILBA EBAY,,,,,,
Unimig,U11008K,RAZOR MULTI 220,METRO WELDER SERVICE,https://metweld.com.au/razor-multi-220-welder/,,,,"1,665.00",
Unimig,U11008K,RAZOR MULTI 220,GENTRONICS,,,,,,
Unimig,U11008K,RAZOR MULTI 220,WELDCONNECT,https://www.weldconnect.com.au/razor-multi-220-welder,,,,1603.64,
Unimig,U11008K,RAZOR MULTI 220,BILBA EBAY,,,,,,
Unimig,U11008K,RAZOR MULTI 220,ELECTROWELD WEBSITE,https://www.electroweld.com.au/product/unimig-razor-multi-220-mig-tig-stick-3-in-1-welder-mb24-torch-u11008k/,,,,"1,599.00",
Unimig,U11008K,RAZOR MULTI 220,BILBA,https://bilba.com.au/products/unimig-razorweld-200dc-mig-mma-inverter?srsltid=AfmBOoo6LO2IPbGS9ooseD6EAjUr1kUl7YsxXyLhOtzzSpbV8BYBG57q,,,,"1,764.00",
Unimig,U11008K,RAZOR MULTI 220,NATIONAL WELDING EBAY,https://www.ebay.com.au/itm/235306497164?epid=14063877950&itmmeta=01J40WSS4ZJ9HVW5C5CTPW0PQQ&hash=item36c95c348c:g:~aMAAOSwyptmC7ZW:sc:AU_FastwayCouriers!2190!AU!-1,,,,"AU $1,975.00",
Unimig,U11008K,RAZOR MULTI 220,WELD.COM.AU,,,,,,
Unimig,U11008K,RAZOR MULTI 220,WA INDUSTRIAL SUPPLIES EBAY,https://www.ebay.com.au/itm/186209081029?epid=14063877950&itmmeta=01J40WEBCV1JWPKHGQTN49VZ9A&hash=item2b5aed16c5:g:xVwAAOSwFjlleqiS&itmprp=enc%3AAQAJAAAA4BERkO4Ty2A9gQM9iHjQXGGZQ4KApVJk%2BphKWglnQSt4xsjTmu6VyVtIqYSbUZaOOQCQqJw%2BFOnsliDtzLssWJk2StcPpJIEvB8tdyBqB4yVm2q%2B%2F7Rj%2FRVcoHYSSoZbrPIzKqeO%2FBQaQk7iC9oqbBWaPqLL9Ih4Xd0nP0rXIg6BLN%2BWfsWdR9tg691ESa5aP5uc7lZqroKLNWZFrAkWTMpKr1Kwbu53v9USdpfwf6fObwggZDusXEUqi5UDr1pwUh60Tubwqjrwwa3apmlBccoU%2F6sTG%2BeWvtfgExxHS8K1%7Ctkp%3ABk9SR8C2uZygZA,,,,"AU $1,590.00",
Unimig,U11008K,RAZOR MULTI 220,ELECTROWELD EBAY,https://www.ebay.com.au/itm/275878635699?epid=14063877950&itmmeta=01J40WSYJV24KJRVE4R99Q7RP9&hash=item403ba5e8b3:g:HDwAAOSwIq5mcOMV:sc:AU_Regular!2190!AU!-1,,,,"AU $1,589.00",
Unimig,U11009K,RAZOR MULTI 250,ELECTROWELD EBAY,https://www.ebay.com.au/itm/275913856727?epid=17064466113&itmmeta=01J40WWX4FWFH4T10X3YT8TP3H&hash=item403dbf56d7:g:CXoAAOSwaipmPYhm:sc:AU_Regular!2190!AU!-1,,,,"AU $2,095.00",
Unimig,U11009K,RAZOR MULTI 250,METRO WELDER SERVICE,https://metweld.com.au/razor-multi-250-welder/,,,,"2,289.00",
Unimig,U11009K,RAZOR MULTI 250,WELDCONNECT,https://www.weldconnect.com.au/razor-multi-250-welder,,,,2208.19,
Unimig,U11009K,RAZOR MULTI 250,GENTRONICS,https://www.gentronics.com.au/product/uwu11009k/?srsltid=AfmBOop4uq0Ls9fm-tfRg0NRqP5AFLido5CgL7mJnFtg5Xv3bThK0ke1,,,,2198.94,
Unimig,U11009K,RAZOR MULTI 250,WELD.COM.AU,,,,,,
Unimig,U11009K,RAZOR MULTI 250,BILBA EBAY,,,,,,
Unimig,U11009K,RAZOR MULTI 250,HAMPDON EBAY,,,,,,
Unimig,U11009K,RAZOR MULTI 250,NATIONAL WELDING EBAY,https://www.ebay.com.au/itm/235527709141?itmmeta=01J40WXB726Y7KHB125DDA9ATH&hash=item36d68ba1d5:g:LgwAAOSwZ49mIc4o:sc:AU_FastwayCouriers!2190!AU!-1,,,,"AU $2,695.00",
Unimig,U11009K,RAZOR MULTI 250,BILBA,https://bilba.com.au/products/unimig-250-inverter-mts?srsltid=AfmBOooH9D3q9rA9OyO9OPP6dy_On2VpMm6QEhD4GV9PBLAlUjES5Xh3,,,,"2,429.00",
Unimig,U11009K,RAZOR MULTI 250,WA INDUSTRIAL SUPPLIES EBAY,https://www.ebay.com.au/itm/186209084723?epid=17064466113&itmmeta=01J40WXCP5BNQMS55YA5XME49V&hash=item2b5aed2533:g:GfIAAOSw84lleqnr,,,,"AU $2,192.00",
Unimig,U11009K,RAZOR MULTI 250,ELECTROWELD WEBSITE,https://www.electroweld.com.au/product/unimig-razor-multi-250-weldermig-tig-stick-welding-machine/,,,,"2,195.00",
Unimig,U12002K,RAZOR TIG 200 ACDC,HAMPDON EBAY,,,,,,
Unimig,NATIONAL WELDING IS CHEAPER,RAZOR TIG 200 ACDC,WELDCONNECT,https://www.weldconnect.com.au/razor-tig-200-ac-dc-welder,,,,2003.64,
Unimig,NATIONAL WELDING IS CHEAPER,RAZOR TIG 200 ACDC,BILBA,https://bilba.com.au/products/unimig-razorweld-200-ac-dc-tig-welder-1?srsltid=AfmBOory752UM1aYvdbRG1d8kCX6pOvZhhdOzyUY33Iuam5QRQlQV2U9,,,,"2,204.00",
Unimig,NATIONAL WELDING IS CHEAPER,RAZOR TIG 200 ACDC,WELD.COM.AU,https://www.weld.com.au/product/unimig-razor-200-ac-dc-welder/,,,,"2,079.00",
Unimig,NATIONAL WELDING IS CHEAPER,RAZOR TIG 200 ACDC,GENTRONICS,https://www.gentronics.com.au/product/uwu12002k/?srsltid=AfmBOoqug07uXEmuYw0soDz3dqWATPaSCXJOQDEtwjFuMUoWWz4xTZiS,,,,1999,
Unimig,NATIONAL WELDING IS CHEAPER,RAZOR TIG 200 ACDC,METRO WELDER SERVICE,https://metweld.com.au/razor-tig-200-ac-dc-welder/,,,,"2,079.00",
Unimig,NATIONAL WELDING IS CHEAPER,RAZOR TIG 200 ACDC,BILBA EBAY,,,,,,
Unimig,U12002K,RAZOR TIG 200 ACDC,ELECTROWELD WEBSITE,https://www.electroweld.com.au/product/unimig-razor-tig-200-acdc-welder-t2-torch-pulse-stick-mma-ac-dc-u12002k/,,,,"1,999.00",
Unimig,U12002K,RAZOR TIG 200 ACDC,WA INDUSTRIAL SUPPLIES EBAY,,,,,,
Unimig,U12002K,RAZOR TIG 200 ACDC,ELECTROWELD EBAY,https://www.ebay.com.au/itm/275878323632?_nkw=razor+tig+200+acdc&epid=20062367177&itmmeta=01J69RNDZXX4KN7A8BVTJFKWC3&hash=item403ba125b0:g:xvUAAOSwQINmMrQd:sc:AU_Regular!2190!AU!-1,,,,"AU $1,995.00",
Unimig,NATIONAL WELDING IS CHEAPER,RAZOR TIG 200 ACDC,NATIONAL WELDING EBAY,https://www.ebay.com.au/itm/235527710741?_skw=razor+tig+200+acdc&itmmeta=01JJ48N6J9QSFW1DNKMH6AVRNF&hash=item36d68ba815:g:J7sAAOSwwdRmIc2n:sc:AU_FastwayCouriers!2190!AU!-1 ,,,,"AU $2,430.00",
Unimig,U12004,RAZOR TIG 200 ACDC WATER COOLER,ELECTROWELD WEBSITE,https://www.electroweld.com.au/product/unimig-razor-320-acdc-water-cooler-trolley-cart-jrtig320trolley/,,,,"1,903.00",
Unimig,U12004,RAZOR TIG 200 ACDC WATER COOLER,BILBA EBAY,,,,,,
Unimig,U12004,RAZOR TIG 200 ACDC WATER COOLER,WELD.COM.AU,,,,,,
Unimig,U12004,RAZOR TIG 200 ACDC WATER COOLER,NATIONAL WELDING EBAY,,,,,,
Unimig,U12004,RAZOR TIG 200 ACDC WATER COOLER,WA INDUSTRIAL SUPPLIES EBAY,,,,,,
Unimig,U12004,RAZOR TIG 200 ACDC WATER COOLER,METRO WELDER SERVICE,https://metweld.com.au/razor-tig-200-ac-dc-water-cooler/,,,,"1,445.00",
Unimig,U12004,RAZOR TIG 200 ACDC WATER COOLER,WELDCONNECT,https://www.weldconnect.com.au/razor-tig-200-ac-dc-water-cooler,,,,1534,
Unimig,U12004,RAZOR TIG 200 ACDC WATER COOLER,ELECTROWELD EBAY,https://www.ebay.com.au/itm/285531822444?_nkw=razor+tig+200+ACDC+water+cooler&itmmeta=01J69RFRF7V0KDWF9SFS24S9FA&hash=item427b05d96c:g:QxkAAOSwriJlQhUI:sc:AU_Regular!2190!AU!-1&itmprp=enc%3AAQAJAAABAHoV3kP08IDx%2BKZ9MfhVJKn2ixZDi6CD7N%2BwVmMxGf6cSAIthl0xSNGPO5FoKy3eR4je27dEb4qVxDIob%2B%2B8I3mAMPENPaEo6xQvaO1eFGgDDRJebOHQIrgIMapccV1TRTqDKVxB%2BcYNGgDjPQSngB2NArP0Yog%2B4pNILgiJzLVSk%2BDRb7MNAxcgIr8d8LHhDnPzrWbUDvOfacU3n96uiYtD1sRmZxzIi8rHmlNG5IYiiJKLAOxLRyhkjDY8z3HtolTpi2Sc5fBFZ%2Bof08Sfe8M7nYsovN%2FHxc4M5bzBSxSgCBqEFsPA48xxUmuGYRakjx6q8ShEtkfmN9icpm1XpGA%3D%7Ctkp%3ABk9SR9aHv7iyZA,,,,"AU $1,389.00",
Unimig,U12004,RAZOR TIG 200 ACDC WATER COOLER,HAMPDON EBAY,,,,,,
Unimig,U12004,RAZOR TIG 200 ACDC WATER COOLER,GENTRONICS,,,,,,
Unimig,U12004,RAZOR TIG 200 ACDC WATER COOLER,BILBA,,,,,,
Unimig,U12003K,RAZOR TIG 220 DC,METRO WELDER SERVICE,,,,,,
Unimig,U12003K,RAZOR TIG 220 DC,WELDCONNECT,https://www.weldconnect.com.au/razor-tig-220-dc-welder,,,,1558.19,
Unimig,U12003K,RAZOR TIG 220 DC,WELD.COM.AU,,,,,,
Unimig,U12003K,RAZOR TIG 220 DC,ELECTROWELD WEBSITE,https://www.electroweld.com.au/product/unimig-razor-pfc-tig-220-dc-welder-t2-torch-mma-stick/,,,,"1,545.00",
Unimig,U12003K,RAZOR TIG 220 DC,GENTRONICS,,,,,,
Unimig,U12003K,RAZOR TIG 220 DC,HAMPDON EBAY,,,,,,
Unimig,U12003K,RAZOR TIG 220 DC,ELECTROWELD EBAY,https://www.electroweld.com.au/product/unimig-razor-pfc-tig-220-dc-welder-t2-torch-mma-stick/,,,,,
Unimig,U12003K,RAZOR TIG 220 DC,WA INDUSTRIAL SUPPLIES EBAY,https://www.ebay.com.au/itm/186211453237?_nkw=razor+tig+220+dc&epid=19061319605&itmmeta=01J69TDXXP8E2R6J230291EB1S&hash=item2b5b114935:g:OE8AAOSw4E5lfQ2h,,,,"AU $1,548.00",
Unimig,U12003K,RAZOR TIG 220 DC,NATIONAL WELDING EBAY,https://www.ebay.com.au/itm/235034739951?srsltid=AfmBOopgE3XtP82kCSZEL5NYDFAIrml2NqX4vo5K6WuFRF4mxeN1N8R-,,,,"AU $1,599.00",
Unimig,U12003K,RAZOR TIG 220 DC,BILBA EBAY,,,,,,
Unimig,U12003K,RAZOR TIG 220 DC,BILBA,https://bilba.com.au/products/unimig-razorweld-200-dc-tig-mma?srsltid=AfmBOoonXlferAD93YcndDuvoQIQRX4DKkLrdtnTY9yoGRZIdxpBvZyG,,,,"1,714.00",
Unimig,U11005K,VIPER 135,HAMPDON EBAY,https://www.ebay.com.au/sch/i.html?_from=R40&_trksid=p2332490.m570.l1313&_nkw=viper+135&_sacat=0 ,,,,,
Unimig,U11005K,VIPER 135,WA INDUSTRIAL SUPPLIES EBAY,https://www.ebay.com.au/itm/186207493192?epid=27040259321&itmmeta=01J3RRTPPHKK027ZVYAA9FFJV4&hash=item2b5ad4dc48:g:uRsAAOSwYvhleTLi&itmprp=enc%3AAQAJAAAA4CeY%2FxqXeGb0AsxDZEcjnDzkl5DAhaK3z8OnpvevgPHpDp47ZLocCcLtHmqn0A7l2V7wel4AfzsJdUCpwihsRPUTIRcaR%2BJ3ZXm84mwf%2BWBYxyw8ZpTJ2WeGUzxUg7y4Tz%2FKNkcLCluH8K7ARJw8BX1eOR4BFGkgFy%2BbfQUKldgFG%2B7R8BWW%2BknGL6UEJjpVLDEbAcpwp9MpYsOi%2Fl06nKEttGVKUlwdj8C0dVlKC84ywRplYHhNlp3yTp8pLJtU9nEiAXZGLmqICFI386xL%2FXBe3qON29yuxV8jEdkuwbKH%7Ctkp%3ABk9SR7jr6pieZA ,,,,AU $399.00 each,
Unimig,U11005K,VIPER 135,METRO WELDER SERVICE,,,,,,
Unimig,U11005K,VIPER 135,WELDCONNECT,https://www.weldconnect.com.au/unimig-viper-multi-135-mig-tig-stick-welder,,,,362.73,
Unimig,U11005K,VIPER 135,ELECTROWELD WEBSITE,https://www.electroweld.com.au/product/unimig-viper-135-multi-3-in-1-mig-tig-stick-welder-welding-torch-mma-u11005k/,,,,379.00,
Unimig,U11005K,VIPER 135,ELECTROWELD EBAY,https://www.ebay.com.au/itm/275880137475?itmmeta=01J3RRGZ6RGRZ1PA0NB89D3ANK&hash=item403bbcd303:g:FG4AAOSwW1lmc0i2:sc:AU_RegularParcelWithTrackingAndSignature!2190!AU!-1&itmprp=enc%3AAQAJAAAA0Jo7zG6ZrYn%2F5GTELNdvHESu%2F8%2BPfiWY9kU--0LUo18ZDC%2BkIaIZvbRp1qI9So5TpISckKJtf4oGgV7V5XLYXMhG%2FLVX497kkF4F%2BcZyu0ELdaH4TYhi3PZ%2B%2BG7xxw75rLO07cwbga6GANQK6eH5xnlQBFG02TBJBi4CCfYH8LVydeSYVPiJ8rWQKbaKABcsxdxl%2B4uJjP6Ops8YFB%2BzE7T3l62OMSCzA63O1oEmgLiiOQySiIwlAiRx%2Fu3oj4L0GrlW2ZSPf1mHsjewL9BaDsQ%3D%7Ctkp%3ABk9SR7zzw5ieZA,,,,AU $378.95,
Unimig,U11006K,VIPER 165,ELECTROWELD WEBSITE,https://www.electroweld.com.au/product/unimig-viper-multi-165-mig-tig-stick-welder-torch-gas-gasless-synergic-u11006k/?srsltid=AfmBOopNf58UR9gK42WkXWlFrgmr_tz_In9miTsThiVeolnnA4jYbO4e ,,,,699.00,
Unimig,U11006K,VIPER 165,ELECTROWELD WEBSITE,https://www.electroweld.com.au/product/unimig-viper-multi-165-mig-tig-stick-welder-torch-gas-gasless-synergic-u11006k/,,,,699.00,
Unimig,U11006K,VIPER 165,NATIONAL WELDING EBAY,https://www.ebay.com.au/itm/235476680876?_skw=viper+165&epid=7061418572&itmmeta=01JJ1R90CMX8KRGR3006RTC6AJ&hash=item36d38100ac:g:8OoAAOSwsnFmC7NQ:sc:AU_FastwayCouriers!2190!AU!-1 ,,,,AU $799.00,
Unimig,U11006K,VIPER 165,HAMPDON EBAY,https://www.ebay.com.au/sch/i.html?_from=R40&_trksid=p2332490.m570.l1313&_nkw=viper+135&_sacat=0  ,,,,,
Unimig,U11006K,VIPER 165,METRO WELDER SERVICE,https://metweld.com.au/viper-multi-165-welder/,,,,729.00,
Unimig,U11006K,VIPER 165,WA INDUSTRIAL SUPPLIES EBAY,https://www.ebay.com.au/itm/186209047788?itmmeta=01J3RS3TDM70T1EA5XQYRET1BD&hash=item2b5aec94ec:g:1bIAAOSwtJhlep39&itmprp=enc%3AAQAJAAAAwCePZSEjWaJbIBevlThBsAK7V96uQ8HCikZPZb2DjTiB4kUgNjOiV9JLphXjS3wtr9GG2O0%2FMyvQoijzXPuHwJbdpvTenew4OJiLXFSNcladSNMpj3O84LCgWU8t82gz64ZR0z2u%2FZIf0l7tc0KvJhFnH7npVLXzavHIyxuk%2Bvjb81AcJJ7n82q67iHMhvK8POGM517TZCQVAVhI6mIsWaUq7fydInlQWPzNuCdQ6ve1Jb4ZdPcpZfGCc5Vx1bJXYw%3D%3D%7Ctkp%3ABk9SR_imj5meZA ,,,,AU $729.00,
Unimig,U11006K,VIPER 165,ELECTROWELD EBAY,https://www.ebay.com.au/itm/285104945700?itmmeta=01J3RRXZ25K8YMKRVX8R4AEZMP&hash=item4261943a24:g:30kAAOSweI1mcOD~:sc:AU_Regular!2190!AU!-1,,,,AU $646.95,
Unimig,U11006K,VIPER 165,WELDCONNECT,https://www.weldconnect.com.au/unimig-viper-185-mig-tig-stick,,,,908.19,
Unimig,KUMJRVM185,VIPER 185,WA INDUSTRIAL SUPPLIES EBAY,https://www.ebay.com.au/itm/186209036834?_skw=wa+industrial+viper+185&epid=2335508920&itmmeta=01J7ZWJBWSDVXKVTCFRAPFEA58&hash=item2b5aec6a22:g:JlMAAOSwvfhlepvF&itmprp=enc%3AAQAJAAAA8HoV3kP08IDx%2BKZ9MfhVJKlk%2BBeyGt84Pu7pkD4U4LtVPvfJqVt0TzfQsdLZNKuY4CLpKnycgFThZ75VfpokOXF8P3ocEvwumQXdCZ7m3iiLQvr9bRFO%2BXnRefKl1ZDIQzkfFxsXY8XXBeDAsUIk%2BoTVZwmkA2sIq6aGInyrQ8siGutJr2DALWpKpRQCSPZfsCSFsZBOCVMXMDA7hG--zsBhJfixHM9zcsXTrDMpJq7gedr2IKcxfRpDv2BaGsFUiHZDAMNuVwTOsQ6YRR7FjqCXomBObFXL0Zqr7KdoeCicbP%2B28MtRs33tcROVYns6rg%3D%3D%7Ctkp%3ABk9SR7i-yfy_ZA,,,,AU $940.00,
Unimig,KUMJRVM185,VIPER 185,ELECTROWELD EBAY,https://www.ebay.com.au/itm/283926416845?itmmeta=01J3RSDZYG8TC00C2V6H456FEZ&hash=item421b554dcd:g:9ykAAOSwlyNmcN5f:sc:AU_Regular!2190!AU!-1,,,,AU $865.95,
Unimig,KUMJRVM185,VIPER 185,ELECTROWELD WEBSITE,https://www.electroweld.com.au/product/unimig-viper-185-mig-tig-stick-welder-kumjrvm185/?srsltid=AfmBOorPG-aBQxhGcNe-uLiVpC57E8NPk9QEPEKEFeTB1uX8RQaXoCic,,,,879.95,
Unimig,KUMJRVM185,VIPER 185,NATIONAL WELDING EBAY,https://www.ebay.com.au/itm/235476680876?chn=ps&_ul=AU&_trkparms=ispr%3D1&amdata=enc%3A1-45vHEyPTaKxTLUqiDeSCA11&norover=1&mkevt=1&mkrid=705-139619-5960-0&mkcid=2&mkscid=101&itemid=235476680876&targetid=2344112747490&device=c&mktype=pla&googleloc=9071886&poi=&campaignid=21179257105&mkgroupid=169591878707&rlsatarget=pla-2344112747490&abcId=9404035&merchantid=115493569&gad_source=1&gclid=CjwKCAjw0aS3BhA3EiwAKaD2ZbBzvn3ImG-Gm_02YXVhhzKsBCG9bu6BSyLeUsPCK1VwKP6i1qOWSBoC0mIQAvD_BwE,,,,AU $799.00,
Unimig,KUMJRVM185,VIPER 185,HAMPDON EBAY,,,,,,
Unimig,KUMJRVM185,VIPER 185,BILBA EBAY,https://www.ebay.com.au/itm/304656591127?epid=20026550160&itmmeta=01J3RSWZVJH6AMN29HPN23V9VZ&hash=item46eef2a917:g:~fEAAOSwIZ9fMJRk&itmprp=enc%3AAQAJAAAAwOFovP%2BGuKuDMDhoWUTu2zz9sW8o4JsyJQea7AL4C9CbhIorpMHnLFFTEB4nvqEUBClXfItAjr%2BY%2BQ6EuQwvYgCeiRiXiMGDBeElUA3ednWJUX9A%2FY0%2FgZeLmZuLDUv7FivehZiAA7pAdm2EmFfgdxeUoblJQnIuZGHesO0X4tRTyvSlYEOOEeUQU0EVocmqjB6P8%2Fwn0YoxJ1dq2x3dE7N97x25BEGx%2BLl960XZzeRh24QYVqU7gyIDILEkNZtC6Q%3D%3D%7Ctkp%3ABk9SR_b985meZA,,,,AU $940.00,
Unimig,KUMJRVM185,VIPER 185,METRO WELDER SERVICE,https://metweld.com.au/viper-185-mig-tig-stick-welder/,,,,979.00,
Unimig,KUMJRVM185,VIPER 185,BILBA,https://bilba.com.au/products/unimig-viper-185-mig-welder?srsltid=AfmBOorM9xbdCpSGqNFkrVim7UfBY-NoK_U8gaVLXtad4QEBDlYNvBTF,,,,,
Unimig,KUMJRVM185,VIPER 185,ELECTROWELD WEBSITE,https://www.electroweld.com.au/product/unimig-viper-185-mig-tig-stick-welder-kumjrvm185/?srsltid=AfmBOorPG-aBQxhGcNe-uLiVpC57E8NPk9QEPEKEFeTB1uX8RQaXoCic,,,,879.95,
Unimig,U11011,VIPER 195,HAMPDON EBAY,,,,,,
Unimig,U11011,VIPER 195,WA INDUSTRIAL SUPPLIES EBAY,https://www.ebay.com.au/itm/186209020294?epid=21064468991&itmmeta=01J3RTPZZDZAVDMB34G8HRDJ9E&hash=item2b5aec2986:g:9gUAAOSwhHdlepf4&itmprp=enc%3AAQAJAAAA4A8Xd6oFyVMvAGEcT9ZUN%2BVuCYounAIos5CnvYBU%2FLwA2%2BCkIwDkEfGWqzySxDPD%2FhHVwO8A58UORF3lf5bmK225GrEjOUpVBgzc%2FHie0ZQbIibMi35pxMLv3RTDPW1uV3s950rkfeeVnWuc8IGom4PibYdxrG%2BeiAbC6Yh0tIFyz3zxbiBK3JBHVSYBxk5gKgiuST9djal24eh1yigtbbwVRfXxpFrgr2M6P%2BvVTnuWN2%2FTZ0qvAZJ%2F16s5eFSdF72EHMpVipwHJFhGCcW%2BeQMaQXv18MPD2bOcmjiN46DN%7Ctkp%3ABk9SR-z_25qeZA,,,,"AU $1,245.00",
Unimig,U11011,VIPER 195,METRO WELDER SERVICE,https://metweld.com.au/viper-multi-195-max-mig-tig-stick-welder/,,,,"1,249.00",
Unimig,U11011,VIPER 195,ELECTROWELD EBAY,https://www.ebay.com.au/itm/285406483084?epid=21064468991&itmmeta=01J3RT21A5V24SESBNG9ZMHAR6&hash=item42738d528c:g:imIAAOSwQF5mcN9x:sc:AU_Regular!2190!AU!-1,,,,"AU $1,194.95",
Unimig,U11011,VIPER 195,ELECTROWELD WEBSITE,https://www.electroweld.com.au/product/unimig-viper-multi-195-max-mig-tig-stick-welder-hf-dc-smart-set-10a-torch-u11011/?srsltid=AfmBOoqjCWv-yRAtNjfQiQ6Kz8HZ-QEyXW04bO0x3xwq6Hx5CgctBX1v,,,,"1,199.95",
Unimig,U11011,VIPER 195,GENTRONICS,https://www.googleadservices.com/pagead/aclk?sa=L&ai=DChcSEwjZ9uvXloaLAxU2qGYCHVOQD4oYABAEGgJzbQ&ae=2&aspm=1&co=1&ase=5&gclid=Cj0KCQiAhbi8BhDIARIsAJLOlufVl2KRd0vNv4v9hFa9sC_238MQii4XHsBkOTRn3QUpKMJwPGiQne4aAoLtEALw_wcB&ohost=www.google.com&cid=CAESVeD2k-VpUGbx3aGmilsMu45ZMV1Bprr20N9Gm98bkCSwJQ8jp06PNpCmx-boJX920KleNkC6xKJ8zDKPZs-bKKEYQsYqhnX8VLcD2NqlOMrbMcc2p-A&sig=AOD64_03qiZGD-PJa-lfD8uzdS3I3IM9kQ&ctype=5&q=&ved=2ahUKEwjTsubXloaLAxXByTgGHQiRMmYQww8oAnoECAgQCg&adurl=,,,,1199.00,
Unimig,U11011,VIPER 195,WELD.COM.AU,https://www.weld.com.au/product/viper-multi-195-max-welder/?v=6502139931c4,,,,"1,499.00",
Unimig,U11011,VIPER 195,WELDCONNECT,https://www.weldconnect.com.au/viper-multi-195-max-welder,,,,1180.91,
Unimig,U31006,VIPER ARC 140,WELD.COM.AU,https://www.weld.com.au/product/unimig-viper-arc-140-stick-welder/,,,,285.00,
Unimig,U31006,VIPER ARC 140,ELECTROWELD EBAY,,,,,,
Unimig,U31006,VIPER ARC 140,WA INDUSTRIAL SUPPLIES EBAY,https://www.ebay.com.au/p/12034398736,,,,AU $285.00,
Unimig,U31006,VIPER ARC 140,BILBA,,,,,,
Unimig,U31006,VIPER ARC 140,METRO WELDER SERVICE,,,,,,
Unimig,U31006,VIPER ARC 140,NATIONAL WELDING EBAY,,,,,,
Unimig,U31006,VIPER ARC 140,BILBA EBAY,,,,,,
Unimig,U31006,VIPER ARC 140,WELDCONNECT,https://www.weldconnect.com.au/viper-arc-140-stick-tig-welder,,,,271.82,
Unimig,U31006,VIPER ARC 140,ELECTROWELD WEBSITE,NOT HERE,,,,-1,
Unimig,U31006,VIPER ARC 140,GENTRONICS,,,,,,
Unimig,U31006,VIPER ARC 140,HAMPDON EBAY,,,,,,
Unimig,U14005K,VIPER CUT 30 MK 2,WELDCONNECT,https://www.weldconnect.com.au/unimig-viper-cut-30-mk-ii-plasma-cutter,,,,726.37,
Unimig,U14005K,VIPER CUT 30 MK 2,HAMPDON EBAY,,,,,,
Unimig,U14005K,VIPER CUT 30 MK 2,NATIONAL WELDING EBAY,,,,,,
Unimig,U14005K,VIPER CUT 30 MK 2,WA INDUSTRIAL SUPPLIES EBAY,https://www.ebay.com.au/itm/186207504664?_skw=viper+cut+30+mk+2&epid=22047265864&itmmeta=01JBDT96752RH3NM83ECFTCH1N&hash=item2b5ad50918:g:NjQAAOSwAyNleTjT,,,,AU $799.00,
Unimig,U14005K,VIPER CUT 30 MK 2,BILBA EBAY,,,,,,
Unimig,U14005K,VIPER CUT 30 MK 2,ELECTROWELD EBAY,https://www.ebay.com.au/itm/275195302560?_skw=viper+cut+30+mk+2&epid=22047265864&itmmeta=01JBBVTCT9RMGT50YG1H9ZBSAQ&hash=item4012eb12a0:g:EdgAAOSwl1ZkIV5k,,,,AU $689.00,
Unimig,U14005K,VIPER CUT 30 MK 2,GENTRONICS,https://www.gentronics.com.au/product/uwu14005k/?srsltid=AfmBOoqmsfmQgqoOsiYYjXLJ1IA4-aRFPsDSkW4IgmWVOmJBQIIRL4EH,,,,749.00,
Unimig,U14005K,VIPER CUT 30 MK 2,BILBA,,,,,,
Unimig,U14005K,VIPER CUT 30 MK 2,METRO WELDER SERVICE,https://metweld.com.au/viper-cut-30-mk-ii/,,,,779.00,
Unimig,U14005K,VIPER CUT 30 MK 2,WELD.COM.AU,,,,,,
Unimig,U14005K,VIPER CUT 30 MK 2,ELECTROWELD WEBSITE,https://www.electroweld.com.au/product/unimig-viper-cut-30-mark-ii-2-plasma-cutter-sc30-torch-regulator-u14005k/,,,,689.00,
Unimig,KUM27,WORKSHOP 270,BILBA,,,,,,
Unimig,KUM27,WORKSHOP 270,METRO WELDER SERVICE,,,,,,
Unimig,KUM27,WORKSHOP 270,WA INDUSTRIAL SUPPLIES EBAY,,,,,,
Unimig,KUM27,WORKSHOP 270,ELECTROWELD EBAY,,,,,,
Unimig,KUM27,WORKSHOP 270,HAMPDON EBAY,,,,,,
Unimig,KUM27,WORKSHOP 270,GENTRONICS,,,,,,
Unimig,KUM27,WORKSHOP 270,NATIONAL WELDING EBAY,,,,,,
Unimig,KUM27,WORKSHOP 270,WELD.COM.AU,,,,,,
Unimig,KUM27,WORKSHOP 270,WELDCONNECT,https://www.weldconnect.com.au/unimig-workshop-270,,,,3762.73,
Unimig,KUM27,WORKSHOP 270,ELECTROWELD WEBSITE,,,,,,
Unimig,KUM27,WORKSHOP 270,BILBA EBAY,,,,,,
Unimig,KUM270SWF,WORKSHOP 270 SWF,GENTRONICS,,,,,,
Unimig,KUM270SWF,WORKSHOP 270 SWF,METRO WELDER SERVICE,,,,,,
Unimig,KUM270SWF,WORKSHOP 270 SWF,BILBA,https://bilba.com.au/products/unimig-270-swf?srsltid=AfmBOorxwDhKadHGa-ebtYThU4dtwNlbDDFXdhju8rHkVZSg7OI-CT7y,,,,"5,489.00",
Unimig,KUM270SWF,WORKSHOP 270 SWF,ELECTROWELD EBAY,,,,,,
Unimig,KUM270SWF,WORKSHOP 270 SWF,ELECTROWELD WEBSITE,,,,,,
Unimig,KUM270SWF,WORKSHOP 270 SWF,NATIONAL WELDING EBAY,,,,,,
Unimig,KUM270SWF,WORKSHOP 270 SWF,BILBA EBAY,,,,,,
Unimig,KUM270SWF,WORKSHOP 270 SWF,WELD.COM.AU,,,,,,
Unimig,KUM270SWF,WORKSHOP 270 SWF,WELDCONNECT,https://www.weldconnect.com.au/unimig-workshop-270swf,,,,4990,
Unimig,KUM270SWF,WORKSHOP 270 SWF,HAMPDON EBAY,,,,,,
Unimig,KUM270SWF,WORKSHOP 270 SWF,WA INDUSTRIAL SUPPLIES EBAY,https://www.ebay.com.au/itm/186211384145?_skw=workshop+270&itmmeta=01JBDTBPAXHVBY306BR8X2S7V7&hash=item2b5b103b51:g:zDMAAOSwql5lfPtU,,,,"AU $5,179.00",
Unimig,KUM390,WORKSHOP 390,BILBA,https://bilba.com.au/products/unimig-390-compact?srsltid=AfmBOorJSYuIKPxX_WUi3vjrPXjBBZLikfoVQXdwE9i2H_2-w6WRJmL_,,,,"4,739.00",
Unimig,KUM390,WORKSHOP 390,METRO WELDER SERVICE,,,,,,
Unimig,KUM390,WORKSHOP 390,NATIONAL WELDING EBAY,,,,,,
Unimig,KUM390,WORKSHOP 390,WELDCONNECT,https://www.weldconnect.com.au/unimig-workshop-390,,,,4308.19,
Unimig,KUM390,WORKSHOP 390,GENTRONICS,,,,,,
Unimig,KUM390,WORKSHOP 390,HAMPDON EBAY,,,,,,
Unimig,KUM390,WORKSHOP 390,ELECTROWELD EBAY,,,,,,
Unimig,KUM390,WORKSHOP 390,WA INDUSTRIAL SUPPLIES EBAY,,,,,,
Unimig,KUM390,WORKSHOP 390,BILBA EBAY,,,,,,
Unimig,KUM390,WORKSHOP 390,WELD.COM.AU,,,,,,
Unimig,KUM390,WORKSHOP 390,ELECTROWELD WEBSITE,,,,,,
KUM390S/D,WORKSHOP 390 SWF DUAL VOLTAGE,WORKSHOP 390 SWF,WELDCONNECT,https://www.weldconnect.com.au/workshop-390-swf-dual-voltage-mig-welder,,,,5849.1,
Unimig,KUM390SWF,WORKSHOP 390 SWF,WELD.COM.AU,,,,,,
KUM390S/D,WORKSHOP 390 SWF DUAL VOLTAGE,WORKSHOP 390 SWF,BILBA EBAY,,,,,,
Unimig,KUM390SWF,WORKSHOP 390 SWF,METRO WELDER SERVICE,,,,,,
KUM390S/D,WORKSHOP 390 SWF DUAL VOLTAGE,WORKSHOP 390 SWF,ELECTROWELD WEBSITE,,,,,,
KUM390S/D,WORKSHOP 390 SWF DUAL VOLTAGE,WORKSHOP 390 SWF,GENTRONICS,https://www.gentronics.com.au/product/uw390sdswf/?srsltid=AfmBOooQg4YiSB2uM43zANXT3mJcrl8Hb9eo4IzbU4AlRP_NINOD3iHl,,,,Price on application,
Unimig,KUM390SWF,WORKSHOP 390 SWF,WELDCONNECT,https://www.weldconnect.com.au/unimig-workshop-390-swf,,,,5449.1,
KUM390S/D,WORKSHOP 390 SWF DUAL VOLTAGE,WORKSHOP 390 SWF,METRO WELDER SERVICE,,,,,,
Unimig,KUM390SWF,WORKSHOP 390 SWF,ELECTROWELD WEBSITE,,,,,,
KUM390S/D,WORKSHOP 390 SWF DUAL VOLTAGE,WORKSHOP 390 SWF,NATIONAL WELDING EBAY,,,,,,
KUM390S/D,WORKSHOP 390 SWF DUAL VOLTAGE,WORKSHOP 390 SWF,WELD.COM.AU,,,,,,
Unimig,KUM390SWF,WORKSHOP 390 SWF,GENTRONICS,,,,,,
KUM390S/D,WORKSHOP 390 SWF DUAL VOLTAGE,WORKSHOP 390 SWF,BILBA,,,,,,
Unimig,KUM390SWF,WORKSHOP 390 SWF,BILBA,https://bilba.com.au/products/unimig-390-swf?srsltid=AfmBOoqg71UQrAL_atAWQB47j4s0xyqUFb1nvQ8AgeX8Iva75h9CKuHx,,,,"5,994.00",
KUM390S/D,WORKSHOP 390 SWF DUAL VOLTAGE,WORKSHOP 390 SWF,ELECTROWELD EBAY,,,,,,
KUM390S/D,WORKSHOP 390 SWF DUAL VOLTAGE,WORKSHOP 390 SWF,HAMPDON EBAY,,,,,,
Unimig,KUM390SWF,WORKSHOP 390 SWF,HAMPDON EBAY,,,,,,
Unimig,KUM390SWF,WORKSHOP 390 SWF,ELECTROWELD EBAY,,,,,,
KUM390S/D,WORKSHOP 390 SWF DUAL VOLTAGE,WORKSHOP 390 SWF,WA INDUSTRIAL SUPPLIES EBAY,https://www.ebay.com.au/itm/186211405952?_skw=workshop+270&itmmeta=01JBDTBPAXN4W64XBJS4T7HWQS&hash=item2b5b109080:g:-CcAAOSwRg9lfQBp,,,,"AU $6,069.00",
Unimig,KUM390SWF,WORKSHOP 390 SWF,BILBA EBAY,,,,,,
Unimig,KUM390SWF,WORKSHOP 390 SWF,NATIONAL WELDING EBAY,,,,,,
Unimig,KUM390SWF,WORKSHOP 390 SWF,WA INDUSTRIAL SUPPLIES EBAY,,,,,,
KUM390S/D,KUM425SWF,WORKSHOP 425 SWF,WELDCONNECT,https://www.weldconnect.com.au/unimig-workshop-425swf,,,,5849.1,
KUM390S/D,KUM425SWF,WORKSHOP 425 SWF,GENTRONICS,,,,,,
KUM390S/D,KUM425SWF,WORKSHOP 425 SWF,ELECTROWELD WEBSITE,https://www.electroweld.com.au/product/unimig-workshop-425-swf-transformer-mig-welder-kum425swf/,,,,"6,069.00",
KUM390S/D,KUM425SWF,WORKSHOP 425 SWF,WELD.COM.AU,,,,,,
KUM390S/D,KUM425SWF,WORKSHOP 425 SWF,BILBA EBAY,,,,,,
KUM390S/D,KUM425SWF,WORKSHOP 425 SWF,NATIONAL WELDING EBAY,,,,,,
KUM390S/D,KUM425SWF,WORKSHOP 425 SWF,WA INDUSTRIAL SUPPLIES EBAY,https://www.ebay.com.au/itm/186211415288?_skw=workshop+425+swf&itmmeta=01JBDWTFKF1BKAGCQSVT5DJ34A&hash=item2b5b10b4f8:g:BD8AAOSwa7plfQNT,,,,"AU $6,069.00",
KUM390S/D,KUM425SWF,WORKSHOP 425 SWF,ELECTROWELD EBAY,https://www.ebay.com.au/itm/275214903410?_skw=workshop+425+swf&itmmeta=01JBBW9K0KDKJHPHXFM4BCFK7D&hash=item4014162872:g:yx8AAOSwSa9kIY72,,,,"AU $5,099.95",
KUM390S/D,KUM425SWF,WORKSHOP 425 SWF,HAMPDON EBAY,,,,,,
KUM390S/D,KUM425SWF,WORKSHOP 425 SWF,BILBA,https://bilba.com.au/products/unimig-425-swf?srsltid=AfmBOor91lMRZ8xuXOKKRP9Nkq70vyYJ2rB9xuBfQ0ef46O-R_I4nfLJ,,,,"6,434.00",
KUM390S/D,KUM425SWF,WORKSHOP 425 SWF,METRO WELDER SERVICE,,,,,,
